{
    "materials":[],
    "skinIndices":[],
    "normals":[0,1,-0,-0,1,0,0,1,0],
    "metadata":{
        "normals":3,
        "type":"Geometry",
        "materials":0,
        "uvs":0,
        "generator":"io_three",
        "vertices":10,
        "faces":7,
        "version":3
    },
    "influencesPerVertex":2,
    "uvs":[],
    "skinWeights":[],
    "vertices":[-1.00734,0.034389,1.00932,0.992657,0.034389,1.00932,-1.00734,0.034389,-0.990684,0.992657,0.034389,-0.990684,-1.00734,0.034389,-0.477386,-1.79965,0.034389,-0.191671,-1.00734,0.034389,0.094043,0.992657,0.034389,0.094043,0.992657,0.034389,-0.477386,1.9884,0.034389,-0.7631],
    "faces":[34,6,7,8,0,0,0,0,34,8,4,5,0,1,1,1,34,8,5,6,0,2,2,2,35,6,0,1,7,0,2,2,2,2,34,2,4,8,0,2,2,2,34,8,9,3,0,0,0,0,34,8,3,2,0,2,2,2]
}