{
    "metadata":{
        "vertices":4,
        "type":"Geometry",
        "materials":0,
        "generator":"io_three",
        "faces":1,
        "normals":1,
        "version":3,
        "uvs":0
    },
    "materials":[],
    "vertices":[-1,0.998804,-0.048887,1,0.998804,-0.048887,-1,-0.998804,0.048887,1,-0.998804,0.048887],
    "faces":[35,0,1,3,2,0,0,0,0,0],
    "skinWeights":[],
    "skinIndices":[],
    "influencesPerVertex":2,
    "normals":[0,-0.048887,-0.998804],
    "uvs":[]
}