{
    "normals":[0.040548,0.947728,-0.316494,0.360691,0.864458,-0.350163,-0.109043,0.973518,-0.200927,-0.109043,0.973518,0.200927,0.040548,0.947728,0.316494,0.642624,0.595002,-0.482708,0.00976,0.330472,-0.943766,-0.609279,0.573825,-0.547269,-0.266787,0.389052,0.881739,0.241992,0.379315,0.893062,0.468654,0.186045,-0.863568,-0.12598,0.130932,-0.983354,-0.952102,0.305781,-0,-0.12598,0.130932,0.983354,0.468654,0.186045,0.863568,0.173998,-0.714042,-0.678136,-0.20617,-0.73413,-0.646952,-0.360691,-0.864458,0.350163,0.015202,-0.662114,0.749249,0.382427,-0.886397,0.260865,0.109043,-0.973518,0.200927,0.217002,-0.890516,0.399864,0.173998,-0.714042,0.678136,-0.040548,-0.947728,0.316494,-0.075091,-0.806736,0.586121,-0.206169,-0.73413,0.646953,-0.137141,-0.990552,-0,-0.28841,-0.957507,0,-0.360691,-0.864458,-0.350163,-0.040548,-0.947728,-0.316494,-0.075091,-0.806736,-0.586121,0.015202,-0.662114,-0.749249,0.109043,-0.973518,-0.200927,0.217002,-0.890516,-0.399864,0.382427,-0.886397,-0.260865,0.609279,-0.573825,0.547269,0.458646,-0.274603,0.845126,0.266787,-0.389052,0.881739,-0.00976,-0.330472,0.943765,-0.124625,-0.195351,0.972783,-0.241992,-0.379315,0.893062,-0.642624,-0.595002,0.482708,-0.899976,-0.435939,0,-0.642624,-0.595002,-0.482708,-0.241992,-0.379315,-0.893062,-0.124625,-0.195351,-0.972783,-0.00976,-0.330472,-0.943765,0.266787,-0.389052,-0.881739,0.458646,-0.274603,-0.845126,0.609279,-0.573825,-0.547269,0.12598,-0.130932,0.983354,0.124625,0.195351,0.972783,0.00976,0.330472,0.943765,-0.468654,-0.186045,0.863568,-0.458646,0.274603,0.845126,-0.609279,0.573825,0.547269,-0.468654,-0.186045,-0.863568,-0.458646,0.274603,-0.845126,-0.266787,0.389052,-0.881739,0.12598,-0.130932,-0.983354,0.124625,0.195351,-0.972783,0.241992,0.379315,-0.893062,0.952102,-0.305781,0,0.899976,0.435939,0,0.642624,0.595002,0.482708,0.20617,0.73413,0.646952,0.075091,0.806736,0.586121,-0.015202,0.662114,0.749249,-0.173998,0.714042,0.678136,-0.217002,0.890516,0.399864,-0.382427,0.886397,0.260865,-0.382427,0.886397,-0.260865,-0.217002,0.890516,-0.399864,-0.173998,0.714042,-0.678137,0.360691,0.864458,0.350163,0.28841,0.957507,-0,0.137141,0.990552,0,-0.015202,0.662114,-0.749249,0.075091,0.806736,-0.586121,0.20617,0.73413,-0.646953],
    "skinWeights":[],
    "metadata":{
        "generator":"io_three",
        "normals":80,
        "type":"Geometry",
        "vertices":42,
        "materials":0,
        "uvs":0,
        "faces":80,
        "version":3
    },
    "vertices":[-0.239348,-1.02893,-0.059304,-2.07457,-0.476144,0.466422,0.461631,-0.476145,0.791345,2.02911,-0.476141,-0.059304,0.461631,-0.476145,-0.909953,-2.07457,-0.476144,-0.585029,-0.940326,0.418295,0.791345,1.59587,0.418295,0.466422,1.59587,0.418295,-0.585029,-0.940326,0.418295,-0.909953,-2.5078,0.418291,-0.059304,-0.239348,0.971075,-0.059304,0.172674,-0.879579,0.440692,-1.31806,-0.879579,0.249708,-0.906039,-0.554663,0.749708,-2.39677,-0.554661,-0.059304,-1.31806,-0.879579,-0.368315,1.09401,-0.879577,-0.059304,1.50605,-0.554661,0.440693,0.172674,-0.879579,-0.559299,1.50605,-0.554661,-0.559301,-0.906039,-0.554663,-0.868315,-2.65143,-0.028925,0.249709,-2.65143,-0.028925,-0.368316,-0.239348,-0.028925,0.940696,-1.7301,-0.028925,0.749713,2.17274,-0.028925,0.249709,1.2514,-0.028925,0.749713,1.2514,-0.028925,-0.86832,2.17274,-0.028925,-0.368316,-1.7301,-0.028925,-0.86832,-0.239348,-0.028925,-1.0593,-1.98474,0.496811,0.440693,0.427343,0.496813,0.749708,1.91807,0.496811,-0.059304,0.427343,0.496813,-0.868315,-1.98474,0.496811,-0.559301,-0.651369,0.821729,0.440691,-1.57271,0.821727,-0.059304,0.839361,0.821729,0.249708,0.839361,0.821729,-0.368315,-0.651369,0.821729,-0.559299],
    "materials":[],
    "uvs":[],
    "faces":[34,0,13,12,0,0,0,0,34,1,13,15,0,1,1,1,34,0,12,17,0,2,2,2,34,0,17,19,0,3,3,3,34,0,19,16,0,4,4,4,34,1,15,22,0,5,5,5,34,2,14,24,0,6,6,6,34,3,18,26,0,7,7,7,34,4,20,28,0,8,8,8,34,5,21,30,0,9,9,9,34,1,22,25,0,10,10,10,34,2,24,27,0,11,11,11,34,3,26,29,0,12,12,12,34,4,28,31,0,13,13,13,34,5,30,23,0,14,14,14,34,6,32,37,0,15,15,15,34,7,33,39,0,16,16,16,34,8,34,40,0,17,17,17,34,9,35,41,0,18,18,18,34,10,36,38,0,19,19,19,34,38,41,11,0,20,20,20,34,38,36,41,0,21,21,21,34,36,9,41,0,22,22,22,34,41,40,11,0,23,23,23,34,41,35,40,0,24,24,24,34,35,8,40,0,25,25,25,34,40,39,11,0,26,26,26,34,40,34,39,0,27,27,27,34,34,7,39,0,28,28,28,34,39,37,11,0,29,29,29,34,39,33,37,0,30,30,30,34,33,6,37,0,31,31,31,34,37,38,11,0,32,32,32,34,37,32,38,0,33,33,33,34,32,10,38,0,34,34,34,34,23,36,10,0,35,35,35,34,23,30,36,0,36,36,36,34,30,9,36,0,37,37,37,34,31,35,9,0,38,38,38,34,31,28,35,0,39,39,39,34,28,8,35,0,40,40,40,34,29,34,8,0,41,41,41,34,29,26,34,0,42,42,42,34,26,7,34,0,43,43,43,34,27,33,7,0,44,44,44,34,27,24,33,0,45,45,45,34,24,6,33,0,46,46,46,34,25,32,6,0,47,47,47,34,25,22,32,0,48,48,48,34,22,10,32,0,49,49,49,34,30,31,9,0,50,50,50,34,30,21,31,0,51,51,51,34,21,4,31,0,52,52,52,34,28,29,8,0,53,53,53,34,28,20,29,0,54,54,54,34,20,3,29,0,55,55,55,34,26,27,7,0,56,56,56,34,26,18,27,0,57,57,57,34,18,2,27,0,58,58,58,34,24,25,6,0,59,59,59,34,24,14,25,0,60,60,60,34,14,1,25,0,61,61,61,34,22,23,10,0,62,62,62,34,22,15,23,0,63,63,63,34,15,5,23,0,64,64,64,34,16,21,5,0,65,65,65,34,16,19,21,0,66,66,66,34,19,4,21,0,67,67,67,34,19,20,4,0,68,68,68,34,19,17,20,0,69,69,69,34,17,3,20,0,70,70,70,34,17,18,3,0,71,71,71,34,17,12,18,0,72,72,72,34,12,2,18,0,73,73,73,34,15,16,5,0,74,74,74,34,15,13,16,0,75,75,75,34,13,0,16,0,76,76,76,34,12,14,2,0,77,77,77,34,12,13,14,0,78,78,78,34,13,1,14,0,79,79,79],
    "influencesPerVertex":2,
    "skinIndices":[]
}