{
    "influencesPerVertex":2,
    "normals":[-8.08491e-07,-5.92621e-07,1],
    "vertices":[0.253527,-2.30557,0.000873435,0.203093,-2.23492,0.000873447,0.146542,-2.20865,0.000873417,0.117303,-2.12689,0.000873431,0.0652109,-2.11913,0.000873658,0.0076811,-2.05555,0.000873656,-0.0326907,-2.02527,0.000873654,-0.085174,-2.0283,0.000873654,-0.135639,-2.00004,0.000873653,-0.169955,-2.00004,0.000873653,-0.23354,-1.91021,0.000873649,-0.299874,-1.83715,0.000873646,-0.344452,-1.81528,0.000873645,-0.372207,-1.75641,0.000873642,-0.409215,-1.71604,0.000873641,-0.411738,-1.65464,0.000873638,-0.441176,-1.62772,0.000873637,-0.492481,-1.6395,0.000873637,-0.514572,-1.56598,0.000873634,-0.55672,-1.53255,0.000873633,-0.559626,-1.4904,0.000873631,-0.597414,-1.45116,0.000873629,-0.607588,-1.39157,0.000873627,-0.638109,-1.36832,0.000873626,-0.688978,-1.35088,0.000873625,-0.726301,-1.34647,0.000873625,-0.753216,-1.23965,0.00087362,-0.752375,-1.16732,0.000873617,-0.82639,-1.19844,0.000873618,-0.861715,-1.14461,0.000873616,-0.86592,-1.07732,0.000873613,-0.90461,-1.02686,0.000873611,-0.929001,-0.989009,0.000873609,-0.938253,-0.957048,0.000873608,-0.987036,-0.921722,0.000873606,-0.987877,-0.883033,0.000873604,-0.977784,-0.845184,0.000873603,-0.966009,-0.811541,0.000873601,-0.993764,-0.771169,0.000873599,-1.02488,-0.759394,0.000873599,-0.9904,-0.745937,0.000873598,-0.968532,-0.72491,0.000873597,-1.00386,-0.676968,0.000873595,-0.967691,-0.651736,0.000873594,-0.95171,-0.630709,0.000873593,-0.950028,-0.566787,0.00087359,-0.942459,-0.519687,0.000873588,-0.933207,-0.46754,0.000873586,-0.95171,-0.398571,0.000873583,-0.923114,-0.353994,0.000873581,-0.930683,-0.285026,0.000873578,-0.918908,-0.231197,0.000873576,-0.872649,-0.136155,0.000873572,-0.871808,-0.0453184,0.000873568,-0.895358,-0.00746989,0.000873566,-0.866762,0.0143981,0.000873565,-0.86592,0.0808434,0.000873562,-0.840688,0.0858898,0.000873562,-0.810409,0.0909364,0.000873562,-0.783495,0.143924,0.000873559,-0.773402,0.217939,0.000873556,-0.796111,0.237284,0.000873555,-0.845735,0.318027,0.000873552,-1.00638,0.437461,0.000873547,-1.08073,0.528886,0.000873543,-1.09486,0.564211,0.000873541,-1.09082,0.784237,0.000873531,-1.08275,0.820572,0.00087353,-1.12009,0.855898,0.000873528,-1.34618,1.00325,0.000873522,-1.42127,1.05745,0.000873519,-1.44307,1.08531,0.000873518,-1.44549,1.10227,0.000873517,-1.49515,1.13981,0.000873516,-1.60052,1.29302,0.000873032,-1.74876,1.41656,0.00087255,-1.80835,1.52266,0.000872545,-1.87085,1.61132,0.000872542,-1.91009,1.68689,0.000872538,-1.91154,1.71451,0.000872537,-1.89556,1.75956,0.000872535,-1.87521,1.82787,0.000872532,-1.91009,1.90199,0.000872529,-1.92317,1.98193,0.000872525,-1.91881,2.06041,0.000872522,-1.86213,2.09965,0.00087252,-1.86358,2.07494,0.000872521,-1.86794,2.05896,0.000872522,-1.87375,2.04878,0.000872522,-1.87521,2.03134,0.000872523,-1.87666,2.0139,0.000872524,-1.89265,1.96739,0.000872526,-1.86503,1.9267,0.000872528,-1.81998,1.89182,0.000872529,-1.77347,1.96013,0.000872526,-1.77202,2.02698,0.000872523,-1.7851,2.06768,0.000872522,-1.78365,2.09674,0.00087252,-1.73859,2.1418,0.000872518,-1.73132,2.17523,0.000872517,-1.68045,2.18395,0.000872516,-1.60197,2.2697,0.000872513,-1.59907,2.29295,0.000872512,-1.5729,2.31039,0.000872511,-1.5482,2.36853,0.000872508,-1.54529,2.34527,0.000872509,-1.53076,2.35399,0.000872509,-1.59325,2.15633,0.000872518,-1.60779,2.07349,0.000872521,-1.58889,2.06041,0.000872522,-1.54093,2.13453,0.000872519,-1.48715,2.16505,0.000872517,-1.4421,2.22755,0.000872515,-1.38687,2.28423,0.000872512,-1.38687,2.23918,0.000872514,-1.40577,2.1854,0.000872516,-1.43047,2.15343,0.000872518,-1.41303,2.12872,0.000872519,-1.39123,2.12436,0.000872519,-1.33891,2.14325,0.000872518,-1.28513,2.18831,0.000872516,-1.25025,2.20866,0.000872515,-1.22555,2.2072,0.000872515,-1.22119,2.17087,0.000872517],
    "materials":[],
    "skinWeights":[],
    "skinIndices":[],
    "uvs":[],
    "metadata":{
        "type":"Geometry",
        "generator":"io_three",
        "vertices":124,
        "materials":0,
        "uvs":0,
        "normals":1,
        "version":3,
        "faces":1
    },
    "faces":[35,0,1,3,2,0,0,0,0,0]
}