{
    "uvs":[],
    "normals":[-1,0,0,-0,0,-1,1,0,0,0,0,1,0,-1,0,0,1,-0],
    "materials":[],
    "skinWeights":[],
    "metadata":{
        "normals":6,
        "version":3,
        "type":"Geometry",
        "generator":"io_three",
        "uvs":0,
        "faces":6,
        "vertices":8,
        "materials":0
    },
    "faces":[35,0,1,3,2,0,0,0,0,0,35,2,3,7,6,0,1,1,1,1,35,6,7,5,4,0,2,2,2,2,35,1,0,4,5,0,3,3,3,3,35,4,0,2,6,0,4,4,4,4,35,7,3,1,5,0,5,5,5,5],
    "influencesPerVertex":2,
    "vertices":[-0.309613,-0.757411,0.401052,-0.309613,1.24259,0.401051,-0.309613,-0.757411,-1.59895,-0.309613,1.24259,-1.59895,1.69039,-0.757411,0.401052,1.69039,1.24259,0.401051,1.69039,-0.757411,-1.59895,1.69039,1.24259,-1.59895],
    "skinIndices":[]
}