{
    "normals":[-1,0,0,0,-0,-1,1,0,0,0,0,1,0,-1,0,0,1,-0],
    "skinWeights":[],
    "metadata":{
        "generator":"io_three",
        "normals":6,
        "type":"Geometry",
        "vertices":8,
        "materials":0,
        "uvs":0,
        "faces":6,
        "version":3
    },
    "vertices":[-0.935562,-1.0821,1.01392,-0.935562,0.9179,1.01392,-0.935562,-1.0821,-0.986076,-0.935562,0.9179,-0.986076,1.06444,-1.0821,1.01392,1.06444,0.9179,1.01392,1.06444,-1.0821,-0.986076,1.06444,0.9179,-0.986076],
    "materials":[],
    "uvs":[],
    "faces":[35,0,1,3,2,0,0,0,0,0,35,2,3,7,6,0,1,1,1,1,35,6,7,5,4,0,2,2,2,2,35,1,0,4,5,0,3,3,3,3,35,4,0,2,6,0,4,4,4,4,35,7,3,1,5,0,5,5,5,5],
    "influencesPerVertex":2,
    "skinIndices":[]
}